{
  "token_acc":1.0,
  "token_p":1.0,
  "token_r":1.0,
  "token_f":1.0,
  "ents_p":0.8910336239,
  "ents_r":0.8877171216,
  "ents_f":0.8893722809,
  "ents_per_type":{
    "LOC":{
      "p":0.8645833333,
      "r":0.8853333333,
      "f":0.8748353096
    },
    "PER":{
      "p":0.9260700389,
      "r":0.9015151515,
      "f":0.9136276392
    },
    "ORG":{
      "p":0.8536585366,
      "r":0.8651685393,
      "f":0.859375
    }
  },
  "speed":7356.1857693267
}