{
  "token_acc":1.0,
  "token_p":1.0,
  "token_r":1.0,
  "token_f":1.0,
  "ents_p":0.89,
  "ents_r":0.8833746898,
  "ents_f":0.8866749689,
  "ents_per_type":{
    "LOC":{
      "p":0.8888888889,
      "r":0.896,
      "f":0.8924302789
    },
    "PER":{
      "p":0.9210866753,
      "r":0.898989899,
      "f":0.9099041534
    },
    "ORG":{
      "p":0.8374164811,
      "r":0.8449438202,
      "f":0.841163311
    }
  },
  "speed":7413.9573445087
}