{
  "token_acc":1.0,
  "token_p":1.0,
  "token_r":1.0,
  "token_f":1.0,
  "ents_p":0.8864628821,
  "ents_r":0.8815136476,
  "ents_f":0.8839813375,
  "ents_per_type":{
    "LOC":{
      "p":0.8847184987,
      "r":0.88,
      "f":0.8823529412
    },
    "PER":{
      "p":0.9088607595,
      "r":0.9065656566,
      "f":0.9077117573
    },
    "ORG":{
      "p":0.8477272727,
      "r":0.8382022472,
      "f":0.8429378531
    }
  },
  "speed":7456.1072308266
}