{
  "token_acc":1.0,
  "token_p":1.0,
  "token_r":1.0,
  "token_f":1.0,
  "ents_p":0.8647096362,
  "ents_r":0.8581380621,
  "ents_f":0.861411316,
  "ents_per_type":{
    "LOC":{
      "p":0.8233830846,
      "r":0.864229765,
      "f":0.8433121019
    },
    "ORG":{
      "p":0.7629427793,
      "r":0.7713498623,
      "f":0.7671232877
    },
    "PER":{
      "p":0.9323308271,
      "r":0.8931572629,
      "f":0.9123237278
    }
  },
  "speed":5921.6724088192
}