{
  "token_acc":1.0,
  "token_p":1.0,
  "token_r":1.0,
  "token_f":1.0,
  "ents_p":0.8699291693,
  "ents_r":0.8556048132,
  "ents_f":0.8627075351,
  "ents_per_type":{
    "LOC":{
      "p":0.8526315789,
      "r":0.8459530026,
      "f":0.8492791612
    },
    "ORG":{
      "p":0.7732240437,
      "r":0.7796143251,
      "f":0.7764060357
    },
    "PER":{
      "p":0.9219330855,
      "r":0.8931572629,
      "f":0.9073170732
    }
  },
  "speed":5874.3345199878
}