{
  "token_acc":1.0,
  "token_p":1.0,
  "token_r":1.0,
  "token_f":1.0,
  "ents_p":0.8686084142,
  "ents_r":0.8499050032,
  "ents_f":0.8591549296,
  "ents_per_type":{
    "LOC":{
      "p":0.8435897436,
      "r":0.8590078329,
      "f":0.851228978
    },
    "ORG":{
      "p":0.7454545455,
      "r":0.7906336088,
      "f":0.7673796791
    },
    "PER":{
      "p":0.9428571429,
      "r":0.8715486194,
      "f":0.905801622
    }
  },
  "speed":5909.3707114803
}