{
  "token_acc":1.0,
  "token_p":1.0,
  "token_r":1.0,
  "token_f":1.0,
  "ents_p":0.8811145511,
  "ents_r":0.9012032932,
  "ents_f":0.8910457107,
  "ents_per_type":{
    "PER":{
      "p":0.9242788462,
      "r":0.9231692677,
      "f":0.9237237237
    },
    "LOC":{
      "p":0.8663366337,
      "r":0.9138381201,
      "f":0.8894536213
    },
    "ORG":{
      "p":0.8021108179,
      "r":0.8374655647,
      "f":0.8194070081
    }
  },
  "speed":4798.8750779059
}