{
  "token_acc":1.0,
  "token_p":1.0,
  "token_r":1.0,
  "token_f":1.0,
  "ents_p":0.8936579116,
  "ents_r":0.883470551,
  "ents_f":0.8885350318,
  "ents_per_type":{
    "LOC":{
      "p":0.8865979381,
      "r":0.8981723238,
      "f":0.8923476005
    },
    "ORG":{
      "p":0.7989276139,
      "r":0.8209366391,
      "f":0.8097826087
    },
    "PER":{
      "p":0.94125,
      "r":0.9039615846,
      "f":0.9222290263
    }
  },
  "speed":4786.4766825293
}