{
  "token_acc":1.0,
  "token_p":1.0,
  "token_r":1.0,
  "token_f":1.0,
  "ents_p":0.8914974619,
  "ents_r":0.8898036732,
  "ents_f":0.8906497623,
  "ents_per_type":{
    "LOC":{
      "p":0.8888888889,
      "r":0.8981723238,
      "f":0.8935064935
    },
    "ORG":{
      "p":0.7885117493,
      "r":0.8319559229,
      "f":0.8096514745
    },
    "PER":{
      "p":0.9416873449,
      "r":0.9111644658,
      "f":0.9261744966
    }
  },
  "speed":4796.3132080198
}