{
  "token_acc":1.0,
  "token_p":1.0,
  "token_r":1.0,
  "token_f":1.0,
  "ents_p":0.8889585947,
  "ents_r":0.8790322581,
  "ents_f":0.8839675608,
  "ents_per_type":{
    "LOC":{
      "p":0.8812664908,
      "r":0.8906666667,
      "f":0.8859416446
    },
    "PER":{
      "p":0.9148387097,
      "r":0.8952020202,
      "f":0.9049138481
    },
    "ORG":{
      "p":0.85,
      "r":0.8404494382,
      "f":0.8451977401
    }
  },
  "speed":5869.4083597705
}