{
  "token_acc":1.0,
  "token_p":1.0,
  "token_r":1.0,
  "token_f":1.0,
  "ents_p":0.8903675539,
  "ents_r":0.8715880893,
  "ents_f":0.8808777429,
  "ents_per_type":{
    "PER":{
      "p":0.9104859335,
      "r":0.898989899,
      "f":0.9047013977
    },
    "LOC":{
      "p":0.8928571429,
      "r":0.8666666667,
      "f":0.8795669824
    },
    "ORG":{
      "p":0.8518518519,
      "r":0.8269662921,
      "f":0.8392246294
    }
  },
  "speed":5917.4925144664
}