{
  "token_acc":1.0,
  "token_p":1.0,
  "token_r":1.0,
  "token_f":1.0,
  "ents_p":0.8970309539,
  "ents_r":0.8808933002,
  "ents_f":0.8888888889,
  "ents_per_type":{
    "LOC":{
      "p":0.9138888889,
      "r":0.8773333333,
      "f":0.8952380952
    },
    "PER":{
      "p":0.9262187088,
      "r":0.8876262626,
      "f":0.9065119278
    },
    "ORG":{
      "p":0.8362068966,
      "r":0.8719101124,
      "f":0.8536853685
    }
  },
  "speed":5923.6386872418
}