{
  "token_acc":1.0,
  "token_p":1.0,
  "token_r":1.0,
  "token_f":1.0,
  "ents_p":0.8956943602,
  "ents_r":0.9162531017,
  "ents_f":0.905857099,
  "ents_per_type":{
    "LOC":{
      "p":0.8775510204,
      "r":0.9173333333,
      "f":0.8970013038
    },
    "PER":{
      "p":0.9238451935,
      "r":0.9343434343,
      "f":0.9290646579
    },
    "ORG":{
      "p":0.8618421053,
      "r":0.8831460674,
      "f":0.87236404
    }
  },
  "speed":4806.7644629053
}