{
  "token_acc":1.0,
  "token_p":1.0,
  "token_r":1.0,
  "token_f":1.0,
  "ents_p":0.9098360656,
  "ents_r":0.8951612903,
  "ents_f":0.9024390244,
  "ents_per_type":{
    "LOC":{
      "p":0.8983957219,
      "r":0.896,
      "f":0.8971962617
    },
    "PER":{
      "p":0.9475065617,
      "r":0.9116161616,
      "f":0.9292149292
    },
    "ORG":{
      "p":0.8555555556,
      "r":0.8651685393,
      "f":0.8603351955
    }
  },
  "speed":4861.1334743366
}