{
  "token_acc":1.0,
  "token_p":1.0,
  "token_r":1.0,
  "token_f":1.0,
  "ents_p":0.909375,
  "ents_r":0.9026054591,
  "ents_f":0.9059775841,
  "ents_per_type":{
    "PER":{
      "p":0.942159383,
      "r":0.9255050505,
      "f":0.9337579618
    },
    "LOC":{
      "p":0.902173913,
      "r":0.8853333333,
      "f":0.8936742934
    },
    "ORG":{
      "p":0.859030837,
      "r":0.8764044944,
      "f":0.8676307008
    }
  },
  "speed":4770.5163717954
}