{
  "token_acc":1.0,
  "token_p":1.0,
  "token_r":1.0,
  "token_f":1.0,
  "ents_p":0.8813982522,
  "ents_r":0.8759305211,
  "ents_f":0.8786558805,
  "ents_per_type":{
    "LOC":{
      "p":0.8828337875,
      "r":0.864,
      "f":0.8733153639
    },
    "PER":{
      "p":0.9169909209,
      "r":0.8926767677,
      "f":0.9046705054
    },
    "ORG":{
      "p":0.8211206897,
      "r":0.8561797753,
      "f":0.8382838284
    }
  },
  "speed":7514.3390804004
}