{
  "token_acc":1.0,
  "token_p":1.0,
  "token_r":1.0,
  "token_f":1.0,
  "ents_p":0.8971722365,
  "ents_r":0.8660049628,
  "ents_f":0.8813131313,
  "ents_per_type":{
    "PER":{
      "p":0.926988266,
      "r":0.8977272727,
      "f":0.9121231559
    },
    "LOC":{
      "p":0.8657894737,
      "r":0.8773333333,
      "f":0.8715231788
    },
    "ORG":{
      "p":0.8704156479,
      "r":0.8,
      "f":0.8337236534
    }
  },
  "speed":7423.4990089659
}