{
  "token_acc":1.0,
  "token_p":1.0,
  "token_r":1.0,
  "token_f":1.0,
  "ents_p":0.8859315589,
  "ents_r":0.8853704877,
  "ents_f":0.8856509344,
  "ents_per_type":{
    "PER":{
      "p":0.9303178484,
      "r":0.9135654262,
      "f":0.921865536
    },
    "LOC":{
      "p":0.8841309824,
      "r":0.9164490862,
      "f":0.9
    },
    "ORG":{
      "p":0.7878787879,
      "r":0.7878787879,
      "f":0.7878787879
    }
  },
  "speed":8415.1451312286
}