{
  "token_acc":1.0,
  "token_p":1.0,
  "token_r":1.0,
  "token_f":1.0,
  "ents_p":0.89781491,
  "ents_r":0.8847371754,
  "ents_f":0.8912280702,
  "ents_per_type":{
    "LOC":{
      "p":0.8982188295,
      "r":0.9216710183,
      "f":0.9097938144
    },
    "ORG":{
      "p":0.8028571429,
      "r":0.7741046832,
      "f":0.7882187938
    },
    "PER":{
      "p":0.938499385,
      "r":0.9159663866,
      "f":0.9270959903
    }
  },
  "speed":8102.7062972215
}