{
  "token_acc":1.0,
  "token_p":1.0,
  "token_r":1.0,
  "token_f":1.0,
  "ents_p":0.8735275883,
  "ents_r":0.8923369221,
  "ents_f":0.8828320802,
  "ents_per_type":{
    "LOC":{
      "p":0.8691358025,
      "r":0.9190600522,
      "f":0.8934010152
    },
    "PER":{
      "p":0.9112426036,
      "r":0.9243697479,
      "f":0.9177592372
    },
    "ORG":{
      "p":0.7906336088,
      "r":0.7906336088,
      "f":0.7906336088
    }
  },
  "speed":8283.3424622827
}