{
  "token_acc":1.0,
  "token_p":1.0,
  "token_r":1.0,
  "token_f":1.0,
  "ents_p":0.9008264463,
  "ents_r":0.8790322581,
  "ents_f":0.8897959184,
  "ents_per_type":{
    "PER":{
      "p":0.9265463918,
      "r":0.9078282828,
      "f":0.9170918367
    },
    "LOC":{
      "p":0.8795811518,
      "r":0.896,
      "f":0.8877146631
    },
    "ORG":{
      "p":0.8722891566,
      "r":0.8134831461,
      "f":0.8418604651
    }
  },
  "speed":5881.0598912748
}