{
  "token_acc":1.0,
  "token_p":1.0,
  "token_r":1.0,
  "token_f":1.0,
  "ents_p":0.898089172,
  "ents_r":0.8746898263,
  "ents_f":0.8862350723,
  "ents_per_type":{
    "PER":{
      "p":0.9211886305,
      "r":0.9002525253,
      "f":0.9106002554
    },
    "LOC":{
      "p":0.8849315068,
      "r":0.8613333333,
      "f":0.872972973
    },
    "ORG":{
      "p":0.86774942,
      "r":0.8404494382,
      "f":0.8538812785
    }
  },
  "speed":5921.3249248164
}