{
  "token_acc":1.0,
  "token_p":1.0,
  "token_r":1.0,
  "token_f":1.0,
  "ents_p":0.8927011853,
  "ents_r":0.8877171216,
  "ents_f":0.8902021773,
  "ents_per_type":{
    "LOC":{
      "p":0.8940217391,
      "r":0.8773333333,
      "f":0.8855989233
    },
    "PER":{
      "p":0.9089759798,
      "r":0.9078282828,
      "f":0.9084017688
    },
    "ORG":{
      "p":0.8626126126,
      "r":0.8606741573,
      "f":0.8616422947
    }
  },
  "speed":5921.7143956944
}