{
  "token_acc":1.0,
  "token_p":1.0,
  "token_r":1.0,
  "token_f":1.0,
  "ents_p":0.8787313433,
  "ents_r":0.8765508685,
  "ents_f":0.8776397516,
  "ents_per_type":{
    "PER":{
      "p":0.9001264223,
      "r":0.898989899,
      "f":0.8995578016
    },
    "LOC":{
      "p":0.9019607843,
      "r":0.8586666667,
      "f":0.8797814208
    },
    "ORG":{
      "p":0.8239130435,
      "r":0.8516853933,
      "f":0.8375690608
    }
  },
  "speed":12336.9806040803
}