{
  "token_acc":1.0,
  "token_p":1.0,
  "token_r":1.0,
  "token_f":1.0,
  "ents_p":0.8814722396,
  "ents_r":0.8765508685,
  "ents_f":0.8790046656,
  "ents_per_type":{
    "LOC":{
      "p":0.8774373259,
      "r":0.84,
      "f":0.8583106267
    },
    "PER":{
      "p":0.9215938303,
      "r":0.9053030303,
      "f":0.9133757962
    },
    "ORG":{
      "p":0.8175965665,
      "r":0.8561797753,
      "f":0.8364434687
    }
  },
  "speed":12365.9288390181
}