{
  "token_acc":1.0,
  "token_p":1.0,
  "token_r":1.0,
  "token_f":1.0,
  "ents_p":0.8790322581,
  "ents_r":0.8790322581,
  "ents_f":0.8790322581,
  "ents_per_type":{
    "PER":{
      "p":0.9147582697,
      "r":0.9078282828,
      "f":0.9112801014
    },
    "LOC":{
      "p":0.8879551821,
      "r":0.8453333333,
      "f":0.8661202186
    },
    "ORG":{
      "p":0.8123667377,
      "r":0.8561797753,
      "f":0.8336980306
    }
  },
  "speed":12346.8832747303
}