{
  "token_acc":1.0,
  "token_p":1.0,
  "token_r":1.0,
  "token_f":1.0,
  "ents_p":0.8735202492,
  "ents_r":0.8697270471,
  "ents_f":0.8716195213,
  "ents_per_type":{
    "PER":{
      "p":0.9031446541,
      "r":0.9065656566,
      "f":0.9048519219
    },
    "LOC":{
      "p":0.8857938719,
      "r":0.848,
      "f":0.8664850136
    },
    "ORG":{
      "p":0.8115299335,
      "r":0.8224719101,
      "f":0.8169642857
    }
  },
  "speed":12345.9856633473
}