{
  "token_acc":1.0,
  "token_p":1.0,
  "token_r":1.0,
  "token_f":1.0,
  "ents_p":0.8775765147,
  "ents_r":0.8715880893,
  "ents_f":0.874572051,
  "ents_per_type":{
    "PER":{
      "p":0.9080310881,
      "r":0.8851010101,
      "f":0.8964194373
    },
    "LOC":{
      "p":0.851010101,
      "r":0.8986666667,
      "f":0.8741893645
    },
    "ORG":{
      "p":0.8475750577,
      "r":0.8247191011,
      "f":0.8359908884
    }
  },
  "speed":12425.653333248
}