{
  "token_acc":1.0,
  "token_p":1.0,
  "token_r":1.0,
  "token_f":1.0,
  "ents_p":0.87625,
  "ents_r":0.8697270471,
  "ents_f":0.8729763387,
  "ents_per_type":{
    "PER":{
      "p":0.9057324841,
      "r":0.8977272727,
      "f":0.9017121116
    },
    "LOC":{
      "p":0.8522427441,
      "r":0.8613333333,
      "f":0.8567639257
    },
    "ORG":{
      "p":0.8440366972,
      "r":0.8269662921,
      "f":0.8354143019
    }
  },
  "speed":12321.1262108553
}