{
  "token_acc":1.0,
  "token_p":1.0,
  "token_r":1.0,
  "token_f":1.0,
  "ents_p":0.8496855346,
  "ents_r":0.8556048132,
  "ents_f":0.8526349006,
  "ents_per_type":{
    "LOC":{
      "p":0.8054862843,
      "r":0.8433420366,
      "f":0.8239795918
    },
    "ORG":{
      "p":0.752,
      "r":0.7768595041,
      "f":0.7642276423
    },
    "PER":{
      "p":0.9164619165,
      "r":0.8955582233,
      "f":0.9058894961
    }
  },
  "speed":12306.1641740285
}