{
  "token_acc":1.0,
  "token_p":1.0,
  "token_r":1.0,
  "token_f":1.0,
  "ents_p":0.8638709677,
  "ents_r":0.8480050665,
  "ents_f":0.8558644934,
  "ents_per_type":{
    "LOC":{
      "p":0.7980769231,
      "r":0.8668407311,
      "f":0.8310387985
    },
    "ORG":{
      "p":0.7802816901,
      "r":0.7630853994,
      "f":0.7715877437
    },
    "PER":{
      "p":0.9370988447,
      "r":0.8763505402,
      "f":0.905707196
    }
  },
  "speed":12462.5198590377
}