{
  "token_acc":1.0,
  "token_p":1.0,
  "token_r":1.0,
  "token_f":1.0,
  "ents_p":0.8504085481,
  "ents_r":0.8568714376,
  "ents_f":0.8536277603,
  "ents_per_type":{
    "LOC":{
      "p":0.82382134,
      "r":0.8668407311,
      "f":0.844783715
    },
    "ORG":{
      "p":0.7527173913,
      "r":0.7630853994,
      "f":0.7578659371
    },
    "PER":{
      "p":0.9073170732,
      "r":0.8931572629,
      "f":0.9001814882
    }
  },
  "speed":12451.0705913763
}