{
  "token_acc":1.0,
  "token_p":1.0,
  "token_r":1.0,
  "token_f":1.0,
  "ents_p":0.8617628408,
  "ents_r":0.860671311,
  "ents_f":0.86121673,
  "ents_per_type":{
    "PER":{
      "p":0.9260172626,
      "r":0.9015606242,
      "f":0.9136253041
    },
    "LOC":{
      "p":0.8333333333,
      "r":0.8224543081,
      "f":0.8278580815
    },
    "ORG":{
      "p":0.7551546392,
      "r":0.8071625344,
      "f":0.7802929427
    }
  },
  "speed":12406.9172638728
}