{
  "token_acc":1.0,
  "token_p":1.0,
  "token_r":1.0,
  "token_f":1.0,
  "ents_p":0.8672225786,
  "ents_r":0.8562381254,
  "ents_f":0.8616953474,
  "ents_per_type":{
    "PER":{
      "p":0.9369482976,
      "r":0.8919567827,
      "f":0.913899139
    },
    "LOC":{
      "p":0.8548812665,
      "r":0.8459530026,
      "f":0.8503937008
    },
    "ORG":{
      "p":0.7364341085,
      "r":0.7851239669,
      "f":0.76
    }
  },
  "speed":12384.0701475604
}