{
  "token_acc":1.0,
  "token_p":1.0,
  "token_r":1.0,
  "token_f":1.0,
  "ents_p":0.8540880503,
  "ents_r":0.8600379987,
  "ents_f":0.857052698,
  "ents_per_type":{
    "LOC":{
      "p":0.8633879781,
      "r":0.8250652742,
      "f":0.8437917223
    },
    "ORG":{
      "p":0.7346938776,
      "r":0.7933884298,
      "f":0.7629139073
    },
    "PER":{
      "p":0.90625,
      "r":0.9051620648,
      "f":0.9057057057
    }
  },
  "speed":12360.1850643881
}