{
  "token_acc":1.0,
  "token_p":1.0,
  "token_r":1.0,
  "token_f":1.0,
  "ents_p":0.8767560664,
  "ents_r":0.8695376821,
  "ents_f":0.8731319555,
  "ents_per_type":{
    "LOC":{
      "p":0.8434343434,
      "r":0.8720626632,
      "f":0.8575096277
    },
    "ORG":{
      "p":0.7804878049,
      "r":0.7933884298,
      "f":0.7868852459
    },
    "PER":{
      "p":0.9375780275,
      "r":0.9015606242,
      "f":0.9192166463
    }
  },
  "speed":7420.7491917622
}