{
  "token_acc":1.0,
  "token_p":1.0,
  "token_r":1.0,
  "token_f":1.0,
  "ents_p":0.8704061896,
  "ents_r":0.8549715009,
  "ents_f":0.8626198083,
  "ents_per_type":{
    "LOC":{
      "p":0.8439897698,
      "r":0.861618799,
      "f":0.8527131783
    },
    "ORG":{
      "p":0.7589041096,
      "r":0.7630853994,
      "f":0.760989011
    },
    "PER":{
      "p":0.934591195,
      "r":0.8919567827,
      "f":0.9127764128
    }
  },
  "speed":7244.7528411987
}