{
  "token_acc":1.0,
  "token_p":1.0,
  "token_r":1.0,
  "token_f":1.0,
  "ents_p":0.8695372751,
  "ents_r":0.8568714376,
  "ents_f":0.8631578947,
  "ents_per_type":{
    "LOC":{
      "p":0.8419689119,
      "r":0.8485639687,
      "f":0.8452535761
    },
    "ORG":{
      "p":0.7931034483,
      "r":0.7603305785,
      "f":0.776371308
    },
    "PER":{
      "p":0.9148418491,
      "r":0.9027611044,
      "f":0.9087613293
    }
  },
  "speed":7366.462307681
}