{
  "token_acc":1.0,
  "token_p":1.0,
  "token_r":1.0,
  "token_f":1.0,
  "ents_p":0.8935064935,
  "ents_r":0.8714376187,
  "ents_f":0.8823340814,
  "ents_per_type":{
    "LOC":{
      "p":0.8673469388,
      "r":0.8877284595,
      "f":0.8774193548
    },
    "ORG":{
      "p":0.8088235294,
      "r":0.7575757576,
      "f":0.7823613087
    },
    "PER":{
      "p":0.9418316832,
      "r":0.9135654262,
      "f":0.9274832419
    }
  },
  "speed":5776.7894676457
}