{
  "token_acc":1.0,
  "token_p":1.0,
  "token_r":1.0,
  "token_f":1.0,
  "ents_p":0.8933246073,
  "ents_r":0.8644711843,
  "ents_f":0.8786610879,
  "ents_per_type":{
    "LOC":{
      "p":0.8601583113,
      "r":0.8511749347,
      "f":0.8556430446
    },
    "ORG":{
      "p":0.8213256484,
      "r":0.7851239669,
      "f":0.8028169014
    },
    "PER":{
      "p":0.9401496259,
      "r":0.9051620648,
      "f":0.922324159
    }
  },
  "speed":5908.4186716478
}