{
  "token_acc":1.0,
  "token_p":1.0,
  "token_r":1.0,
  "token_f":1.0,
  "ents_p":0.8725302741,
  "ents_r":0.8670044332,
  "ents_f":0.8697585769,
  "ents_per_type":{
    "LOC":{
      "p":0.8652849741,
      "r":0.8720626632,
      "f":0.8686605982
    },
    "ORG":{
      "p":0.7747989276,
      "r":0.7961432507,
      "f":0.785326087
    },
    "PER":{
      "p":0.9209876543,
      "r":0.8955582233,
      "f":0.9080949483
    }
  },
  "speed":5911.6485499015
}