{
  "token_acc":1.0,
  "token_p":1.0,
  "token_r":1.0,
  "token_f":1.0,
  "ents_p":0.8985687617,
  "ents_r":0.8957816377,
  "ents_f":0.8971730351,
  "ents_per_type":{
    "LOC":{
      "p":0.8941798942,
      "r":0.9013333333,
      "f":0.8977423639
    },
    "PER":{
      "p":0.921319797,
      "r":0.9166666667,
      "f":0.9189873418
    },
    "ORG":{
      "p":0.8616780045,
      "r":0.8539325843,
      "f":0.8577878104
    }
  },
  "speed":8305.4648720295
}