{
  "token_acc":1.0,
  "token_p":1.0,
  "token_r":1.0,
  "token_f":1.0,
  "ents_p":0.9080532657,
  "ents_r":0.888337469,
  "ents_f":0.8980871747,
  "ents_per_type":{
    "PER":{
      "p":0.9358974359,
      "r":0.9217171717,
      "f":0.9287531807
    },
    "LOC":{
      "p":0.8909574468,
      "r":0.8933333333,
      "f":0.8921438083
    },
    "ORG":{
      "p":0.8717339667,
      "r":0.8247191011,
      "f":0.8475750577
    }
  },
  "speed":8304.2535339353
}