{
  "token_acc":1.0,
  "token_p":1.0,
  "token_r":1.0,
  "token_f":1.0,
  "ents_p":0.8893643032,
  "ents_r":0.9026054591,
  "ents_f":0.8959359606,
  "ents_per_type":{
    "LOC":{
      "p":0.887434555,
      "r":0.904,
      "f":0.8956406869
    },
    "PER":{
      "p":0.9075215783,
      "r":0.9292929293,
      "f":0.9182782283
    },
    "ORG":{
      "p":0.8577878104,
      "r":0.8539325843,
      "f":0.8558558559
    }
  },
  "speed":8264.5147507844
}