{
  "token_acc":1.0,
  "token_p":1.0,
  "token_r":1.0,
  "token_f":1.0,
  "ents_p":0.8673076923,
  "ents_r":0.8568714376,
  "ents_f":0.8620579802,
  "ents_per_type":{
    "LOC":{
      "p":0.8126582278,
      "r":0.8381201044,
      "f":0.8251928021
    },
    "ORG":{
      "p":0.7706666667,
      "r":0.7961432507,
      "f":0.783197832
    },
    "PER":{
      "p":0.9405063291,
      "r":0.8919567827,
      "f":0.9155884165
    }
  },
  "speed":7413.4187919432
}