{
  "token_acc":1.0,
  "token_p":1.0,
  "token_r":1.0,
  "token_f":1.0,
  "ents_p":0.8576802508,
  "ents_r":0.866371121,
  "ents_f":0.8620037807,
  "ents_per_type":{
    "LOC":{
      "p":0.8363171355,
      "r":0.8537859008,
      "f":0.8449612403
    },
    "PER":{
      "p":0.9209876543,
      "r":0.8955582233,
      "f":0.9080949483
    },
    "ORG":{
      "p":0.7487309645,
      "r":0.8126721763,
      "f":0.7793923382
    }
  },
  "speed":7409.0624150542
}